Rental Id,Billable Duration,Duration,Unique ID/Customer Record Number,Subscription Id,Bike Id,End Date,EndStation Id,EndStation Logical Terminal,EndStation Name,endStationPriority_id,Start Date,StartStation Id,StartStation Logical Terminal,StartStation Name,startStationPriority_id,EndHourCategory Id,StartHourCategory Id,BikeUserType Id
18970247,1348,1349,825880281,9121534,560,06/01/2013 09:50,191,1075,"Hyde Park Corner, Hyde Park",1,06/01/2013 09:28,191,1075,"Hyde Park Corner, Hyde Park",1,1,1,0
18965467,950,951,1005729889,9121724,2601,06/01/2013 10:15,191,1075,"Hyde Park Corner, Hyde Park",1,06/01/2013 09:59,191,1075,"Hyde Park Corner, Hyde Park",1,0,1,0
18964786,4999,5000,356549578,9121938,4815,06/01/2013 12:08,191,1075,"Hyde Park Corner, Hyde Park",1,06/01/2013 10:44,191,1075,"Hyde Park Corner, Hyde Park",1,0,0,0
18967501,4872,4873,356549578,9121938,7674,06/01/2013 12:07,191,1075,"Hyde Park Corner, Hyde Park",1,06/01/2013 10:46,191,1075,"Hyde Park Corner, Hyde Park",1,0,0,0
18972120,4093,4094,475426577,9122176,1899,06/01/2013 12:47,191,1075,"Hyde Park Corner, Hyde Park",1,06/01/2013 11:39,191,1075,"Hyde Park Corner, Hyde Park",1,0,0,0
18959490,3801,3801,757389453,9122286,2919,06/01/2013 12:59,191,1075,"Hyde Park Corner, Hyde Park",1,06/01/2013 11:55,191,1075,"Hyde Park Corner, Hyde Park",1,0,0,0
18970688,1403,1404,1025244197,9122371,867,06/01/2013 12:36,191,1075,"Hyde Park Corner, Hyde Park",1,06/01/2013 12:13,191,1075,"Hyde Park Corner, Hyde Park",1,0,0,0
18963019,872,873,1025244197,9122371,8033,06/01/2013 12:37,191,1075,"Hyde Park Corner, Hyde Park",1,06/01/2013 12:22,191,1075,"Hyde Park Corner, Hyde Park",1,0,0,0
18960732,3142,3142,1354260399,9122641,1863,06/01/2013 13:56,191,1075,"Hyde Park Corner, Hyde Park",1,06/01/2013 13:04,191,1075,"Hyde Park Corner, Hyde Park",1,0,0,0
18970977,3122,3122,742511336,9122659,4502,06/01/2013 13:56,191,1075,"Hyde Park Corner, Hyde Park",1,06/01/2013 13:04,191,1075,"Hyde Park Corner, Hyde Park",1,0,0,0
18971738,2693,2693,711106449,9122735,3543,06/01/2013 14:04,191,1075,"Hyde Park Corner, Hyde Park",1,06/01/2013 13:19,191,1075,"Hyde Park Corner, Hyde Park",1,0,0,0
18972076,2493,2494,1307436423,9122745,2261,06/01/2013 14:04,191,1075,"Hyde Park Corner, Hyde Park",1,06/01/2013 13:22,191,1075,"Hyde Park Corner, Hyde Park",1,0,0,0
18966016,2488,2489,497996415,9122750,1899,06/01/2013 14:04,191,1075,"Hyde Park Corner, Hyde Park",1,06/01/2013 13:23,191,1075,"Hyde Park Corner, Hyde Park",1,0,0,0
18965975,2297,2298,2084561953,9122771,5958,06/01/2013 14:04,191,1075,"Hyde Park Corner, Hyde Park",1,06/01/2013 13:26,191,1075,"Hyde Park Corner, Hyde Park",1,0,0,0
18964955,9995,9996,2058571332,9122812,4640,06/01/2013 16:21,191,1075,"Hyde Park Corner, Hyde Park",1,06/01/2013 13:34,191,1075,"Hyde Park Corner, Hyde Park",1,1,0,0
18959567,1699,1700,1211530975,9122842,6156,06/01/2013 14:09,191,1075,"Hyde Park Corner, Hyde Park",1,06/01/2013 13:41,191,1075,"Hyde Park Corner, Hyde Park",1,0,0,0
18963158,10481,10481,1169182835,9122858,6843,06/01/2013 16:37,191,1075,"Hyde Park Corner, Hyde Park",1,06/01/2013 13:42,191,1075,"Hyde Park Corner, Hyde Park",1,1,0,0
18971340,444,445,1428761874,9122872,2445,06/01/2013 13:55,191,1075,"Hyde Park Corner, Hyde Park",1,06/01/2013 13:48,191,1075,"Hyde Park Corner, Hyde Park",1,0,0,0
18969237,8192,8192,547846698,9122838,3103,06/01/2013 16:21,191,1075,"Hyde Park Corner, Hyde Park",1,06/01/2013 14:04,191,1075,"Hyde Park Corner, Hyde Park",1,1,0,0
18968122,3636,3636,1516860275,9123025,755,06/01/2013 15:16,191,1075,"Hyde Park Corner, Hyde Park",1,06/01/2013 14:16,191,1075,"Hyde Park Corner, Hyde Park",1,0,0,0
18963295,3648,3649,1516860275,9123025,2680,06/01/2013 15:16,191,1075,"Hyde Park Corner, Hyde Park",1,06/01/2013 14:16,191,1075,"Hyde Park Corner, Hyde Park",1,0,0,0
18963395,1577,1578,1300645155,9123059,7541,06/01/2013 14:51,191,1075,"Hyde Park Corner, Hyde Park",1,06/01/2013 14:24,191,1075,"Hyde Park Corner, Hyde Park",1,0,0,0
18966804,1495,1496,1300645155,9123059,9104,06/01/2013 14:50,191,1075,"Hyde Park Corner, Hyde Park",1,06/01/2013 14:25,191,1075,"Hyde Park Corner, Hyde Park",1,0,0,0
18959862,5444,5445,1574005470,9123348,138,06/01/2013 16:28,191,1075,"Hyde Park Corner, Hyde Park",1,06/01/2013 14:58,191,1075,"Hyde Park Corner, Hyde Park",1,1,0,0
18966381,2963,2964,1957248701,9123425,2261,06/01/2013 16:01,191,1075,"Hyde Park Corner, Hyde Park",1,06/01/2013 15:12,191,1075,"Hyde Park Corner, Hyde Park",1,1,0,0
18963394,2941,2942,1957248701,9123425,7541,06/01/2013 16:02,191,1075,"Hyde Park Corner, Hyde Park",1,06/01/2013 15:13,191,1075,"Hyde Park Corner, Hyde Park",1,1,0,0
18962054,1099,1100,1072798877,9123605,1719,06/01/2013 15:50,191,1075,"Hyde Park Corner, Hyde Park",1,06/01/2013 15:31,191,1075,"Hyde Park Corner, Hyde Park",1,0,0,0
18961664,334,335,708425272,9123320,1714,06/01/2013 16:02,191,1075,"Hyde Park Corner, Hyde Park",1,06/01/2013 15:56,191,1075,"Hyde Park Corner, Hyde Park",1,1,0,0
18966437,1553,1554,644886805,9123740,8618,06/01/2013 16:25,191,1075,"Hyde Park Corner, Hyde Park",1,06/01/2013 15:59,191,1075,"Hyde Park Corner, Hyde Park",1,1,0,0
18961686,1557,1557,879255126,9123734,8175,06/01/2013 16:25,191,1075,"Hyde Park Corner, Hyde Park",1,06/01/2013 15:59,191,1075,"Hyde Park Corner, Hyde Park",1,1,0,0
18959294,1539,1539,138302065,8417220,5147,06/01/2013 16:25,191,1075,"Hyde Park Corner, Hyde Park",1,06/01/2013 15:59,191,1075,"Hyde Park Corner, Hyde Park",1,1,0,1
18972036,1602,1603,2015548389,9124041,5147,06/01/2013 17:31,191,1075,"Hyde Park Corner, Hyde Park",1,06/01/2013 17:04,191,1075,"Hyde Park Corner, Hyde Park",1,1,1,0
18962895,2387,2388,768310652,9124125,6687,06/01/2013 17:56,191,1075,"Hyde Park Corner, Hyde Park",1,06/01/2013 17:16,191,1075,"Hyde Park Corner, Hyde Park",1,1,1,0
18969006,2367,2367,768310652,9124125,3231,06/01/2013 17:56,191,1075,"Hyde Park Corner, Hyde Park",1,06/01/2013 17:16,191,1075,"Hyde Park Corner, Hyde Park",1,1,1,0
18967092,3309,3310,282916879,9124142,491,06/01/2013 18:25,191,1075,"Hyde Park Corner, Hyde Park",1,06/01/2013 17:30,191,1075,"Hyde Park Corner, Hyde Park",1,1,1,0
18959016,2403,2403,282916879,9124142,6843,06/01/2013 18:14,191,1075,"Hyde Park Corner, Hyde Park",1,06/01/2013 17:34,191,1075,"Hyde Park Corner, Hyde Park",1,1,1,0
18982223,1247,1247,2101737447,9128638,6281,07/01/2013 08:23,191,1075,"Hyde Park Corner, Hyde Park",1,07/01/2013 08:02,191,1075,"Hyde Park Corner, Hyde Park",1,1,1,0
18984514,13105,13106,551505906,9129343,3700,07/01/2013 14:13,191,1075,"Hyde Park Corner, Hyde Park",1,07/01/2013 10:35,191,1075,"Hyde Park Corner, Hyde Park",1,0,0,0
18977055,13054,13054,551505906,9129343,7984,07/01/2013 14:13,191,1075,"Hyde Park Corner, Hyde Park",1,07/01/2013 10:35,191,1075,"Hyde Park Corner, Hyde Park",1,0,0,0
18994755,12946,12946,551505906,9129343,2945,07/01/2013 14:14,191,1075,"Hyde Park Corner, Hyde Park",1,07/01/2013 10:38,191,1075,"Hyde Park Corner, Hyde Park",1,0,0,0
18982220,12497,12498,551505906,9129343,8122,07/01/2013 14:14,191,1075,"Hyde Park Corner, Hyde Park",1,07/01/2013 10:46,191,1075,"Hyde Park Corner, Hyde Park",1,0,0,0
18990741,1546,1547,1969340855,9129837,1032,07/01/2013 12:33,191,1075,"Hyde Park Corner, Hyde Park",1,07/01/2013 12:08,191,1075,"Hyde Park Corner, Hyde Park",1,0,0,0
18995345,1215,1216,1969340855,9129837,641,07/01/2013 12:32,191,1075,"Hyde Park Corner, Hyde Park",1,07/01/2013 12:12,191,1075,"Hyde Park Corner, Hyde Park",1,0,0,0
18974033,842,843,1969340855,9129837,2772,07/01/2013 12:27,191,1075,"Hyde Park Corner, Hyde Park",1,07/01/2013 12:13,191,1075,"Hyde Park Corner, Hyde Park",1,0,0,0
18986807,1334,1334,1441953306,9129921,1601,07/01/2013 12:42,191,1075,"Hyde Park Corner, Hyde Park",1,07/01/2013 12:20,191,1075,"Hyde Park Corner, Hyde Park",1,0,0,0
18974769,1288,1288,1441953306,9129921,4545,07/01/2013 12:42,191,1075,"Hyde Park Corner, Hyde Park",1,07/01/2013 12:21,191,1075,"Hyde Park Corner, Hyde Park",1,0,0,0
18977611,875,876,1160826071,9123753,1032,07/01/2013 12:53,191,1075,"Hyde Park Corner, Hyde Park",1,07/01/2013 12:39,191,1075,"Hyde Park Corner, Hyde Park",1,0,0,0
18977968,3154,3155,365483717,9130148,3865,07/01/2013 14:04,191,1075,"Hyde Park Corner, Hyde Park",1,07/01/2013 13:12,191,1075,"Hyde Park Corner, Hyde Park",1,0,0,0
18990220,3091,3091,365483717,9130148,3352,07/01/2013 14:05,191,1075,"Hyde Park Corner, Hyde Park",1,07/01/2013 13:13,191,1075,"Hyde Park Corner, Hyde Park",1,0,0,0
18989443,1624,1625,1547352448,9130645,1710,07/01/2013 15:16,191,1075,"Hyde Park Corner, Hyde Park",1,07/01/2013 14:49,191,1075,"Hyde Park Corner, Hyde Park",1,0,0,0
18974139,1533,1533,1547352448,9130645,4258,07/01/2013 15:16,191,1075,"Hyde Park Corner, Hyde Park",1,07/01/2013 14:50,191,1075,"Hyde Park Corner, Hyde Park",1,0,0,0
18988072,4277,4278,2106535156,9130847,2945,07/01/2013 16:46,191,1075,"Hyde Park Corner, Hyde Park",1,07/01/2013 15:34,191,1075,"Hyde Park Corner, Hyde Park",1,1,0,0
18981042,388,388,201587257,3333697,234,07/01/2013 16:00,191,1075,"Hyde Park Corner, Hyde Park",1,07/01/2013 15:53,191,1075,"Hyde Park Corner, Hyde Park",1,1,0,1
19015408,3541,3542,1175258048,9136326,7239,08/01/2013 10:20,191,1075,"Hyde Park Corner, Hyde Park",1,08/01/2013 09:21,191,1075,"Hyde Park Corner, Hyde Park",1,0,1,0
19019991,3400,3401,1175258048,9136326,2146,08/01/2013 10:20,191,1075,"Hyde Park Corner, Hyde Park",1,08/01/2013 09:23,191,1075,"Hyde Park Corner, Hyde Park",1,0,1,0
19012067,3344,3344,1175258048,9136326,7678,08/01/2013 10:20,191,1075,"Hyde Park Corner, Hyde Park",1,08/01/2013 09:24,191,1075,"Hyde Park Corner, Hyde Park",1,0,1,0
19020485,3276,3276,1175258048,9136326,5938,08/01/2013 10:19,191,1075,"Hyde Park Corner, Hyde Park",1,08/01/2013 09:25,191,1075,"Hyde Park Corner, Hyde Park",1,0,1,0
19019392,7169,7170,1918501393,9136945,1963,08/01/2013 13:04,191,1075,"Hyde Park Corner, Hyde Park",1,08/01/2013 11:05,191,1075,"Hyde Park Corner, Hyde Park",1,0,0,0
19021061,9474,9474,1551537978,9136956,5938,08/01/2013 13:53,191,1075,"Hyde Park Corner, Hyde Park",1,08/01/2013 11:15,191,1075,"Hyde Park Corner, Hyde Park",1,0,0,0
19008895,6373,6373,1918501393,9136945,1751,08/01/2013 13:04,191,1075,"Hyde Park Corner, Hyde Park",1,08/01/2013 11:18,191,1075,"Hyde Park Corner, Hyde Park",1,0,0,0
18998634,6338,6339,1918501393,9136945,7239,08/01/2013 13:04,191,1075,"Hyde Park Corner, Hyde Park",1,08/01/2013 11:18,191,1075,"Hyde Park Corner, Hyde Park",1,0,0,0
19007598,5506,5506,930040512,9137131,7448,08/01/2013 13:14,191,1075,"Hyde Park Corner, Hyde Park",1,08/01/2013 11:43,191,1075,"Hyde Park Corner, Hyde Park",1,0,0,0
18999995,5158,5158,930040512,9137131,469,08/01/2013 13:14,191,1075,"Hyde Park Corner, Hyde Park",1,08/01/2013 11:48,191,1075,"Hyde Park Corner, Hyde Park",1,0,0,0
19023391,9061,9061,33392635,9144134,7285,09/01/2013 13:34,191,1075,"Hyde Park Corner, Hyde Park",1,09/01/2013 11:03,191,1075,"Hyde Park Corner, Hyde Park",1,0,0,0
19022161,7268,7269,33392635,9144134,8892,09/01/2013 13:34,191,1075,"Hyde Park Corner, Hyde Park",1,09/01/2013 11:32,191,1075,"Hyde Park Corner, Hyde Park",1,0,0,0
19035063,3058,3059,1047167034,9144420,2704,09/01/2013 12:46,191,1075,"Hyde Park Corner, Hyde Park",1,09/01/2013 11:55,191,1075,"Hyde Park Corner, Hyde Park",1,0,0,0
19046754,2745,2745,1047167034,9144420,573,09/01/2013 12:44,191,1075,"Hyde Park Corner, Hyde Park",1,09/01/2013 11:58,191,1075,"Hyde Park Corner, Hyde Park",1,0,0,0
19038611,2740,2741,1047167034,9144420,1771,09/01/2013 12:45,191,1075,"Hyde Park Corner, Hyde Park",1,09/01/2013 11:59,191,1075,"Hyde Park Corner, Hyde Park",1,0,0,0
19038595,4627,4628,1287613581,9144666,6132,09/01/2013 14:10,191,1075,"Hyde Park Corner, Hyde Park",1,09/01/2013 12:52,191,1075,"Hyde Park Corner, Hyde Park",1,0,0,0
19047268,2899,2899,853674153,9145324,7082,09/01/2013 15:46,191,1075,"Hyde Park Corner, Hyde Park",1,09/01/2013 14:57,191,1075,"Hyde Park Corner, Hyde Park",1,0,0,0
19067102,1222,1223,1335231911,9151624,3882,10/01/2013 12:06,191,1075,"Hyde Park Corner, Hyde Park",1,10/01/2013 11:45,191,1075,"Hyde Park Corner, Hyde Park",1,0,0,0
19068673,3341,3342,1169972389,9151626,9103,10/01/2013 12:42,191,1075,"Hyde Park Corner, Hyde Park",1,10/01/2013 11:47,191,1075,"Hyde Park Corner, Hyde Park",1,0,0,0
19059805,1111,1112,469457653,9151630,6452,10/01/2013 12:05,191,1075,"Hyde Park Corner, Hyde Park",1,10/01/2013 11:47,191,1075,"Hyde Park Corner, Hyde Park",1,0,0,0
19051113,1065,1066,673503425,9151635,7362,10/01/2013 12:06,191,1075,"Hyde Park Corner, Hyde Park",1,10/01/2013 11:48,191,1075,"Hyde Park Corner, Hyde Park",1,0,0,0
19090990,266,266,1705717608,9158537,7780,11/01/2013 10:47,191,1075,"Hyde Park Corner, Hyde Park",1,11/01/2013 10:42,191,1075,"Hyde Park Corner, Hyde Park",1,0,0,0
19094573,974,975,48409561,28048,5462,11/01/2013 13:21,191,1075,"Hyde Park Corner, Hyde Park",1,11/01/2013 13:04,191,1075,"Hyde Park Corner, Hyde Park",1,0,0,1
19077795,529,529,1720052467,7668452,5458,11/01/2013 15:01,191,1075,"Hyde Park Corner, Hyde Park",1,11/01/2013 14:53,191,1075,"Hyde Park Corner, Hyde Park",1,0,0,1
19087365,1654,1654,1364386358,9159858,9178,11/01/2013 16:23,191,1075,"Hyde Park Corner, Hyde Park",1,11/01/2013 15:55,191,1075,"Hyde Park Corner, Hyde Park",1,1,0,0
19084388,1615,1616,1364386358,9159858,2982,11/01/2013 16:23,191,1075,"Hyde Park Corner, Hyde Park",1,11/01/2013 15:56,191,1075,"Hyde Park Corner, Hyde Park",1,1,0,0
19087896,1573,1574,1364386358,9159858,135,11/01/2013 16:23,191,1075,"Hyde Park Corner, Hyde Park",1,11/01/2013 15:57,191,1075,"Hyde Park Corner, Hyde Park",1,1,0,0
19095249,451,452,1364386358,9159858,1476,11/01/2013 16:05,191,1075,"Hyde Park Corner, Hyde Park",1,11/01/2013 15:57,191,1075,"Hyde Park Corner, Hyde Park",1,1,0,0
19079875,848,849,1364386358,9159858,1476,11/01/2013 16:24,191,1075,"Hyde Park Corner, Hyde Park",1,11/01/2013 16:09,191,1075,"Hyde Park Corner, Hyde Park",1,1,1,0
19077145,2048,2049,321638454,9160258,8267,11/01/2013 16:54,191,1075,"Hyde Park Corner, Hyde Park",1,11/01/2013 16:20,191,1075,"Hyde Park Corner, Hyde Park",1,1,1,0
19090777,2009,2010,321638454,9160258,6286,11/01/2013 16:54,191,1075,"Hyde Park Corner, Hyde Park",1,11/01/2013 16:21,191,1075,"Hyde Park Corner, Hyde Park",1,1,1,0
19101992,3366,3366,1031347032,9166251,1199,12/01/2013 12:31,191,1075,"Hyde Park Corner, Hyde Park",1,12/01/2013 11:35,191,1075,"Hyde Park Corner, Hyde Park",1,0,0,0
19107695,3080,3080,1652603389,9166256,2,12/01/2013 12:31,191,1075,"Hyde Park Corner, Hyde Park",1,12/01/2013 11:40,191,1075,"Hyde Park Corner, Hyde Park",1,0,0,0
19103364,2273,2274,236806555,9167040,1199,12/01/2013 14:27,191,1075,"Hyde Park Corner, Hyde Park",1,12/01/2013 13:50,191,1075,"Hyde Park Corner, Hyde Park",1,0,0,0
19098554,2289,2290,236806555,9167040,7264,12/01/2013 14:28,191,1075,"Hyde Park Corner, Hyde Park",1,12/01/2013 13:50,191,1075,"Hyde Park Corner, Hyde Park",1,0,0,0
19109884,2201,2202,976498064,9167340,3261,12/01/2013 15:23,191,1075,"Hyde Park Corner, Hyde Park",1,12/01/2013 14:47,191,1075,"Hyde Park Corner, Hyde Park",1,0,0,0
19106231,2148,2148,1256800846,3565724,1199,12/01/2013 15:23,191,1075,"Hyde Park Corner, Hyde Park",1,12/01/2013 14:47,191,1075,"Hyde Park Corner, Hyde Park",1,0,0,1
19107971,3754,3754,1318293303,9167361,8336,12/01/2013 15:54,191,1075,"Hyde Park Corner, Hyde Park",1,12/01/2013 14:51,191,1075,"Hyde Park Corner, Hyde Park",1,0,0,0
19106949,3361,3362,1318293303,9167361,4818,12/01/2013 15:53,191,1075,"Hyde Park Corner, Hyde Park",1,12/01/2013 14:57,191,1075,"Hyde Park Corner, Hyde Park",1,0,0,0
19110030,1351,1351,57163791,9167433,6917,12/01/2013 15:30,191,1075,"Hyde Park Corner, Hyde Park",1,12/01/2013 15:08,191,1075,"Hyde Park Corner, Hyde Park",1,0,0,0
19103937,3959,3959,1896535688,9167663,6850,12/01/2013 17:05,191,1075,"Hyde Park Corner, Hyde Park",1,12/01/2013 15:59,191,1075,"Hyde Park Corner, Hyde Park",1,1,0,0
19107661,3976,3976,1896535688,9167663,9111,12/01/2013 17:05,191,1075,"Hyde Park Corner, Hyde Park",1,12/01/2013 15:59,191,1075,"Hyde Park Corner, Hyde Park",1,1,0,0
19119677,2945,2945,1186257457,9172821,3579,13/01/2013 10:11,191,1075,"Hyde Park Corner, Hyde Park",1,13/01/2013 09:22,191,1075,"Hyde Park Corner, Hyde Park",1,0,1,0
19116566,3244,3244,563760401,9173444,5552,13/01/2013 11:18,191,1075,"Hyde Park Corner, Hyde Park",1,13/01/2013 10:24,191,1075,"Hyde Park Corner, Hyde Park",1,0,0,0
19111504,3135,3135,563760401,9173444,5851,13/01/2013 11:18,191,1075,"Hyde Park Corner, Hyde Park",1,13/01/2013 10:26,191,1075,"Hyde Park Corner, Hyde Park",1,0,0,0
19114217,366,367,270411458,9043027,481,13/01/2013 13:37,191,1075,"Hyde Park Corner, Hyde Park",1,13/01/2013 13:31,191,1075,"Hyde Park Corner, Hyde Park",1,0,0,1
19118879,303,303,876785948,81889,4065,13/01/2013 13:37,191,1075,"Hyde Park Corner, Hyde Park",1,13/01/2013 13:32,191,1075,"Hyde Park Corner, Hyde Park",1,0,0,1
19113014,1502,1503,1572014480,9174793,6855,13/01/2013 15:15,191,1075,"Hyde Park Corner, Hyde Park",1,13/01/2013 14:50,191,1075,"Hyde Park Corner, Hyde Park",1,0,0,0
19114010,2666,2667,2079185657,9174887,7301,13/01/2013 15:48,191,1075,"Hyde Park Corner, Hyde Park",1,13/01/2013 15:04,191,1075,"Hyde Park Corner, Hyde Park",1,0,0,0
19122015,2635,2636,2079185657,9174887,4173,13/01/2013 15:48,191,1075,"Hyde Park Corner, Hyde Park",1,13/01/2013 15:04,191,1075,"Hyde Park Corner, Hyde Park",1,0,0,0
19110115,2753,2754,1226541991,9174785,8723,13/01/2013 15:52,191,1075,"Hyde Park Corner, Hyde Park",1,13/01/2013 15:07,191,1075,"Hyde Park Corner, Hyde Park",1,0,0,0
19115300,4564,4565,1351476824,9175044,1966,13/01/2013 16:50,191,1075,"Hyde Park Corner, Hyde Park",1,13/01/2013 15:34,191,1075,"Hyde Park Corner, Hyde Park",1,1,0,0
19121117,8370,8371,1063547144,9174966,5403,13/01/2013 17:59,191,1075,"Hyde Park Corner, Hyde Park",1,13/01/2013 15:39,191,1075,"Hyde Park Corner, Hyde Park",1,1,0,0
19117151,8362,8362,1063547144,9174966,3740,13/01/2013 17:59,191,1075,"Hyde Park Corner, Hyde Park",1,13/01/2013 15:39,191,1075,"Hyde Park Corner, Hyde Park",1,1,0,0
19113641,2458,2459,1488357871,9175174,9170,13/01/2013 16:44,191,1075,"Hyde Park Corner, Hyde Park",1,13/01/2013 16:03,191,1075,"Hyde Park Corner, Hyde Park",1,1,1,0
19119254,2254,2255,1488357871,9175174,8723,13/01/2013 16:44,191,1075,"Hyde Park Corner, Hyde Park",1,13/01/2013 16:06,191,1075,"Hyde Park Corner, Hyde Park",1,1,1,0
19118028,2232,2232,1488357871,9175174,2693,13/01/2013 16:43,191,1075,"Hyde Park Corner, Hyde Park",1,13/01/2013 16:06,191,1075,"Hyde Park Corner, Hyde Park",1,1,1,0
19119960,2468,2468,1363525539,9175333,7471,13/01/2013 17:15,191,1075,"Hyde Park Corner, Hyde Park",1,13/01/2013 16:34,191,1075,"Hyde Park Corner, Hyde Park",1,1,1,0
19121953,2467,2468,1363525539,9175333,7815,13/01/2013 17:15,191,1075,"Hyde Park Corner, Hyde Park",1,13/01/2013 16:34,191,1075,"Hyde Park Corner, Hyde Park",1,1,1,0
19157443,2722,2723,187008337,9189224,8040,15/01/2013 14:53,191,1075,"Hyde Park Corner, Hyde Park",1,15/01/2013 14:07,191,1075,"Hyde Park Corner, Hyde Park",1,0,0,0
19147757,2620,2621,1287613581,9189228,4902,15/01/2013 14:53,191,1075,"Hyde Park Corner, Hyde Park",1,15/01/2013 14:09,191,1075,"Hyde Park Corner, Hyde Park",1,0,0,0
19155909,5894,5895,1820983756,9189430,2203,15/01/2013 16:31,191,1075,"Hyde Park Corner, Hyde Park",1,15/01/2013 14:53,191,1075,"Hyde Park Corner, Hyde Park",1,1,0,0
19155894,1893,1894,119001180,5995621,8040,15/01/2013 15:30,191,1075,"Hyde Park Corner, Hyde Park",1,15/01/2013 14:58,191,1075,"Hyde Park Corner, Hyde Park",1,0,0,1
19160960,2388,2389,1810942457,9189441,4902,15/01/2013 15:41,191,1075,"Hyde Park Corner, Hyde Park",1,15/01/2013 15:02,191,1075,"Hyde Park Corner, Hyde Park",1,0,0,0
19150069,2012,2012,2123026593,9189442,7658,15/01/2013 15:41,191,1075,"Hyde Park Corner, Hyde Park",1,15/01/2013 15:07,191,1075,"Hyde Park Corner, Hyde Park",1,0,0,0
19146841,3569,3570,471200012,9191032,6638,15/01/2013 21:11,191,1075,"Hyde Park Corner, Hyde Park",1,15/01/2013 20:12,191,1075,"Hyde Park Corner, Hyde Park",1,0,0,0
19145588,3211,3211,471200012,9191032,4648,15/01/2013 21:11,191,1075,"Hyde Park Corner, Hyde Park",1,15/01/2013 20:17,191,1075,"Hyde Park Corner, Hyde Park",1,0,0,0
19146357,3159,3159,471200012,9191032,2947,15/01/2013 21:11,191,1075,"Hyde Park Corner, Hyde Park",1,15/01/2013 20:18,191,1075,"Hyde Park Corner, Hyde Park",1,0,0,0
19154517,3086,3087,471200012,9191032,1058,15/01/2013 21:11,191,1075,"Hyde Park Corner, Hyde Park",1,15/01/2013 20:20,191,1075,"Hyde Park Corner, Hyde Park",1,0,0,0
19175262,2739,2740,1684100035,9194831,7658,16/01/2013 10:14,191,1075,"Hyde Park Corner, Hyde Park",1,16/01/2013 09:28,191,1075,"Hyde Park Corner, Hyde Park",1,0,1,0
19175454,2691,2691,1684100035,9194831,6638,16/01/2013 10:13,191,1075,"Hyde Park Corner, Hyde Park",1,16/01/2013 09:29,191,1075,"Hyde Park Corner, Hyde Park",1,0,1,0
19180432,3188,3189,1782677528,9195438,6277,16/01/2013 12:29,191,1075,"Hyde Park Corner, Hyde Park",1,16/01/2013 11:36,191,1075,"Hyde Park Corner, Hyde Park",1,0,0,0
19163636,2097,2098,1754851149,9195640,7123,16/01/2013 12:53,191,1075,"Hyde Park Corner, Hyde Park",1,16/01/2013 12:18,191,1075,"Hyde Park Corner, Hyde Park",1,0,0,0
19163220,8146,8147,1188653233,9196145,3347,16/01/2013 16:14,191,1075,"Hyde Park Corner, Hyde Park",1,16/01/2013 13:59,191,1075,"Hyde Park Corner, Hyde Park",1,1,0,0
19177668,7929,7930,1188653233,9196145,2745,16/01/2013 16:14,191,1075,"Hyde Park Corner, Hyde Park",1,16/01/2013 14:02,191,1075,"Hyde Park Corner, Hyde Park",1,1,0,0
19163383,2632,2633,1321103850,9196429,1635,16/01/2013 15:37,191,1075,"Hyde Park Corner, Hyde Park",1,16/01/2013 14:53,191,1075,"Hyde Park Corner, Hyde Park",1,0,0,0
19175578,2068,2069,1321103850,9196429,6158,16/01/2013 15:37,191,1075,"Hyde Park Corner, Hyde Park",1,16/01/2013 15:02,191,1075,"Hyde Park Corner, Hyde Park",1,0,0,0
19179462,2024,2025,1321103850,9196429,9061,16/01/2013 15:37,191,1075,"Hyde Park Corner, Hyde Park",1,16/01/2013 15:03,191,1075,"Hyde Park Corner, Hyde Park",1,0,0,0
19172480,608,609,1668289209,123896,4379,16/01/2013 15:54,191,1075,"Hyde Park Corner, Hyde Park",1,16/01/2013 15:43,191,1075,"Hyde Park Corner, Hyde Park",1,0,0,1
19166326,2237,2237,271563486,9196822,7082,16/01/2013 16:43,191,1075,"Hyde Park Corner, Hyde Park",1,16/01/2013 16:06,191,1075,"Hyde Park Corner, Hyde Park",1,1,1,0
19164663,2118,2118,271563486,9196822,3396,16/01/2013 16:44,191,1075,"Hyde Park Corner, Hyde Park",1,16/01/2013 16:09,191,1075,"Hyde Park Corner, Hyde Park",1,1,1,0
19182895,1976,1976,271563486,9196822,9061,16/01/2013 16:43,191,1075,"Hyde Park Corner, Hyde Park",1,16/01/2013 16:10,191,1075,"Hyde Park Corner, Hyde Park",1,1,1,0
19188706,4485,4486,1647365326,9201949,8536,17/01/2013 10:55,191,1075,"Hyde Park Corner, Hyde Park",1,17/01/2013 09:40,191,1075,"Hyde Park Corner, Hyde Park",1,0,1,0
19195569,4084,4084,2085058620,9202325,2465,17/01/2013 12:01,191,1075,"Hyde Park Corner, Hyde Park",1,17/01/2013 10:53,191,1075,"Hyde Park Corner, Hyde Park",1,0,0,0
19202758,1171,1171,1160826071,9202935,2465,17/01/2013 13:20,191,1075,"Hyde Park Corner, Hyde Park",1,17/01/2013 13:00,191,1075,"Hyde Park Corner, Hyde Park",1,0,0,0
19204869,2215,2216,545293056,9203329,9098,17/01/2013 14:47,191,1075,"Hyde Park Corner, Hyde Park",1,17/01/2013 14:10,191,1075,"Hyde Park Corner, Hyde Park",1,0,0,0
19199208,2106,2106,545293056,9203329,198,17/01/2013 14:47,191,1075,"Hyde Park Corner, Hyde Park",1,17/01/2013 14:12,191,1075,"Hyde Park Corner, Hyde Park",1,0,0,0
19194689,2767,2768,808912454,9203721,8911,17/01/2013 16:15,191,1075,"Hyde Park Corner, Hyde Park",1,17/01/2013 15:28,191,1075,"Hyde Park Corner, Hyde Park",1,1,0,0
19199317,2700,2701,327359364,9203725,7499,17/01/2013 16:15,191,1075,"Hyde Park Corner, Hyde Park",1,17/01/2013 15:30,191,1075,"Hyde Park Corner, Hyde Park",1,1,0,0
19199980,1664,1664,1818312989,9203736,2741,17/01/2013 16:01,191,1075,"Hyde Park Corner, Hyde Park",1,17/01/2013 15:33,191,1075,"Hyde Park Corner, Hyde Park",1,1,0,0
19199567,2348,2348,327359364,9203725,6562,17/01/2013 16:15,191,1075,"Hyde Park Corner, Hyde Park",1,17/01/2013 15:35,191,1075,"Hyde Park Corner, Hyde Park",1,1,0,0
19202750,990,991,1866106750,9204548,6166,17/01/2013 18:36,191,1075,"Hyde Park Corner, Hyde Park",1,17/01/2013 18:20,191,1075,"Hyde Park Corner, Hyde Park",1,1,1,0
19216882,2278,2278,1043375117,9210123,4962,18/01/2013 12:53,191,1075,"Hyde Park Corner, Hyde Park",1,18/01/2013 12:15,191,1075,"Hyde Park Corner, Hyde Park",1,0,0,0
19216785,2115,2116,1043375117,9210123,9057,18/01/2013 12:53,191,1075,"Hyde Park Corner, Hyde Park",1,18/01/2013 12:17,191,1075,"Hyde Park Corner, Hyde Park",1,0,0,0
19227294,2119,2119,1797405346,9217423,251,19/01/2013 13:01,191,1075,"Hyde Park Corner, Hyde Park",1,19/01/2013 12:25,191,1075,"Hyde Park Corner, Hyde Park",1,0,0,0
19222850,2180,2180,1186257457,9172821,9052,19/01/2013 16:47,191,1075,"Hyde Park Corner, Hyde Park",1,19/01/2013 16:11,191,1075,"Hyde Park Corner, Hyde Park",1,1,1,0
19221544,2736,2736,550461386,9218543,8151,19/01/2013 17:09,191,1075,"Hyde Park Corner, Hyde Park",1,19/01/2013 16:24,191,1075,"Hyde Park Corner, Hyde Park",1,1,1,0
19223036,2518,2519,550461386,9218543,251,19/01/2013 17:08,191,1075,"Hyde Park Corner, Hyde Park",1,19/01/2013 16:26,191,1075,"Hyde Park Corner, Hyde Park",1,1,1,0
19224748,2478,2479,1246002178,9218622,6690,19/01/2013 17:08,191,1075,"Hyde Park Corner, Hyde Park",1,19/01/2013 16:26,191,1075,"Hyde Park Corner, Hyde Park",1,1,1,0
19222621,2411,2412,851402275,9218624,1240,19/01/2013 17:09,191,1075,"Hyde Park Corner, Hyde Park",1,19/01/2013 16:29,191,1075,"Hyde Park Corner, Hyde Park",1,1,1,0
19264312,2970,2970,140722947,9237836,2025,22/01/2013 10:06,191,1075,"Hyde Park Corner, Hyde Park",1,22/01/2013 09:17,191,1075,"Hyde Park Corner, Hyde Park",1,0,1,0
19259248,2823,2824,140722947,9237836,2554,22/01/2013 10:06,191,1075,"Hyde Park Corner, Hyde Park",1,22/01/2013 09:19,191,1075,"Hyde Park Corner, Hyde Park",1,0,1,0
19249278,6726,6727,41982683,9238632,9151,22/01/2013 13:53,191,1075,"Hyde Park Corner, Hyde Park",1,22/01/2013 12:01,191,1075,"Hyde Park Corner, Hyde Park",1,0,0,0
19257733,6375,6376,41982683,9238632,2554,22/01/2013 13:53,191,1075,"Hyde Park Corner, Hyde Park",1,22/01/2013 12:07,191,1075,"Hyde Park Corner, Hyde Park",1,0,0,0
19254228,1257,1257,1810560458,9239536,2191,22/01/2013 15:26,191,1075,"Hyde Park Corner, Hyde Park",1,22/01/2013 15:05,191,1075,"Hyde Park Corner, Hyde Park",1,0,0,0
19262258,1215,1215,1810560458,9239536,9151,22/01/2013 15:25,191,1075,"Hyde Park Corner, Hyde Park",1,22/01/2013 15:05,191,1075,"Hyde Park Corner, Hyde Park",1,0,0,0
19260324,842,843,113696886,8838633,7660,22/01/2013 16:18,191,1075,"Hyde Park Corner, Hyde Park",1,22/01/2013 16:04,191,1075,"Hyde Park Corner, Hyde Park",1,1,1,1
19266777,1662,1663,1382164924,9245034,4263,23/01/2013 09:41,191,1075,"Hyde Park Corner, Hyde Park",1,23/01/2013 09:14,191,1075,"Hyde Park Corner, Hyde Park",1,1,1,0
19277054,651,651,992624896,9247241,7575,23/01/2013 16:38,191,1075,"Hyde Park Corner, Hyde Park",1,23/01/2013 16:27,191,1075,"Hyde Park Corner, Hyde Park",1,1,1,0
19265483,2653,2654,517860132,9246131,7575,23/01/2013 17:34,191,1075,"Hyde Park Corner, Hyde Park",1,23/01/2013 16:50,191,1075,"Hyde Park Corner, Hyde Park",1,1,1,0
19268210,2252,2252,517860132,9246131,2285,23/01/2013 17:34,191,1075,"Hyde Park Corner, Hyde Park",1,23/01/2013 16:56,191,1075,"Hyde Park Corner, Hyde Park",1,1,1,0
19283051,752,753,1370183816,8780121,8387,23/01/2013 17:35,191,1075,"Hyde Park Corner, Hyde Park",1,23/01/2013 17:23,191,1075,"Hyde Park Corner, Hyde Park",1,1,1,1
19287105,2443,2443,933509317,9254024,42,24/01/2013 15:31,191,1075,"Hyde Park Corner, Hyde Park",1,24/01/2013 14:51,191,1075,"Hyde Park Corner, Hyde Park",1,0,0,0
19300265,3186,3187,1248711135,9253946,7829,24/01/2013 15:46,191,1075,"Hyde Park Corner, Hyde Park",1,24/01/2013 14:53,191,1075,"Hyde Park Corner, Hyde Park",1,0,0,0
19295976,3108,3109,1248711135,9253946,6812,24/01/2013 15:46,191,1075,"Hyde Park Corner, Hyde Park",1,24/01/2013 14:54,191,1075,"Hyde Park Corner, Hyde Park",1,0,0,0
19287242,2039,2040,933509317,9254024,8120,24/01/2013 15:32,191,1075,"Hyde Park Corner, Hyde Park",1,24/01/2013 14:58,191,1075,"Hyde Park Corner, Hyde Park",1,0,0,0
19309055,2844,2845,282174267,9260420,6466,25/01/2013 12:53,191,1075,"Hyde Park Corner, Hyde Park",1,25/01/2013 12:06,191,1075,"Hyde Park Corner, Hyde Park",1,0,0,0
19306433,2040,2040,504993767,9260838,8187,25/01/2013 14:08,191,1075,"Hyde Park Corner, Hyde Park",1,25/01/2013 13:34,191,1075,"Hyde Park Corner, Hyde Park",1,0,0,0
19306258,1953,1954,504993767,9260838,334,25/01/2013 14:07,191,1075,"Hyde Park Corner, Hyde Park",1,25/01/2013 13:35,191,1075,"Hyde Park Corner, Hyde Park",1,0,0,0
19321435,1842,1843,504993767,9260838,7332,25/01/2013 14:07,191,1075,"Hyde Park Corner, Hyde Park",1,25/01/2013 13:36,191,1075,"Hyde Park Corner, Hyde Park",1,0,0,0
19311275,3032,3032,455398286,9261039,8187,25/01/2013 15:11,191,1075,"Hyde Park Corner, Hyde Park",1,25/01/2013 14:21,191,1075,"Hyde Park Corner, Hyde Park",1,0,0,0
19315598,2857,2857,188369411,9261041,7332,25/01/2013 15:11,191,1075,"Hyde Park Corner, Hyde Park",1,25/01/2013 14:23,191,1075,"Hyde Park Corner, Hyde Park",1,0,0,0
19322012,2851,2851,811975886,9261120,6466,25/01/2013 15:11,191,1075,"Hyde Park Corner, Hyde Park",1,25/01/2013 14:24,191,1075,"Hyde Park Corner, Hyde Park",1,0,0,0
19317990,5525,5526,1529875844,9261132,1941,25/01/2013 16:11,191,1075,"Hyde Park Corner, Hyde Park",1,25/01/2013 14:39,191,1075,"Hyde Park Corner, Hyde Park",1,1,0,0
19315384,5275,5275,495029405,9261134,229,25/01/2013 16:09,191,1075,"Hyde Park Corner, Hyde Park",1,25/01/2013 14:41,191,1075,"Hyde Park Corner, Hyde Park",1,1,0,0
19315885,4876,4877,1091726554,9261224,3665,25/01/2013 16:09,191,1075,"Hyde Park Corner, Hyde Park",1,25/01/2013 14:48,191,1075,"Hyde Park Corner, Hyde Park",1,1,0,0
19312731,1131,1131,937740938,9261233,42,25/01/2013 15:11,191,1075,"Hyde Park Corner, Hyde Park",1,25/01/2013 14:52,191,1075,"Hyde Park Corner, Hyde Park",1,0,0,0
19309221,519,520,937740938,9261233,7997,25/01/2013 15:11,191,1075,"Hyde Park Corner, Hyde Park",1,25/01/2013 15:02,191,1075,"Hyde Park Corner, Hyde Park",1,0,0,0
19317073,1290,1290,1879191340,9228020,6525,25/01/2013 17:01,191,1075,"Hyde Park Corner, Hyde Park",1,25/01/2013 16:40,191,1075,"Hyde Park Corner, Hyde Park",1,1,1,0
19340504,3738,3738,1010368086,9267576,7109,26/01/2013 12:30,191,1075,"Hyde Park Corner, Hyde Park",1,26/01/2013 11:27,191,1075,"Hyde Park Corner, Hyde Park",1,0,0,0
19326695,3759,3760,1404192564,9267626,5710,26/01/2013 12:30,191,1075,"Hyde Park Corner, Hyde Park",1,26/01/2013 11:28,191,1075,"Hyde Park Corner, Hyde Park",1,0,0,0
19335445,640,640,2030472257,9267805,8233,26/01/2013 12:24,191,1075,"Hyde Park Corner, Hyde Park",1,26/01/2013 12:14,191,1075,"Hyde Park Corner, Hyde Park",1,0,0,0
19332390,2079,2080,630049903,9267898,8233,26/01/2013 13:00,191,1075,"Hyde Park Corner, Hyde Park",1,26/01/2013 12:26,191,1075,"Hyde Park Corner, Hyde Park",1,0,0,0
19340572,1733,1733,630049903,9267898,4143,26/01/2013 13:00,191,1075,"Hyde Park Corner, Hyde Park",1,26/01/2013 12:31,191,1075,"Hyde Park Corner, Hyde Park",1,0,0,0
19335172,2913,2913,1447185392,9268046,5727,26/01/2013 13:39,191,1075,"Hyde Park Corner, Hyde Park",1,26/01/2013 12:50,191,1075,"Hyde Park Corner, Hyde Park",1,0,0,0
19336339,2485,2486,542203808,9268097,9455,26/01/2013 13:39,191,1075,"Hyde Park Corner, Hyde Park",1,26/01/2013 12:57,191,1075,"Hyde Park Corner, Hyde Park",1,0,0,0
19340276,3818,3819,719985083,9268086,4782,26/01/2013 14:03,191,1075,"Hyde Park Corner, Hyde Park",1,26/01/2013 12:59,191,1075,"Hyde Park Corner, Hyde Park",1,0,0,0
19330904,3435,3436,1191943109,9268734,8560,26/01/2013 15:05,191,1075,"Hyde Park Corner, Hyde Park",1,26/01/2013 14:07,191,1075,"Hyde Park Corner, Hyde Park",1,0,0,0
19328142,2295,2295,485801985,9268907,7476,26/01/2013 15:00,191,1075,"Hyde Park Corner, Hyde Park",1,26/01/2013 14:22,191,1075,"Hyde Park Corner, Hyde Park",1,0,0,0
19333561,1002,1003,1290232059,9269126,5600,26/01/2013 15:02,191,1075,"Hyde Park Corner, Hyde Park",1,26/01/2013 14:45,191,1075,"Hyde Park Corner, Hyde Park",1,0,0,0
19337136,7205,7205,1232467523,9269082,6258,26/01/2013 16:49,191,1075,"Hyde Park Corner, Hyde Park",1,26/01/2013 14:49,191,1075,"Hyde Park Corner, Hyde Park",1,1,0,0
19338201,997,998,248758907,9269852,7345,26/01/2013 16:28,191,1075,"Hyde Park Corner, Hyde Park",1,26/01/2013 16:11,191,1075,"Hyde Park Corner, Hyde Park",1,1,1,0
19333031,961,962,248758907,9269852,365,26/01/2013 16:28,191,1075,"Hyde Park Corner, Hyde Park",1,26/01/2013 16:12,191,1075,"Hyde Park Corner, Hyde Park",1,1,1,0
19328117,1590,1590,2092494179,9270158,6057,26/01/2013 17:01,191,1075,"Hyde Park Corner, Hyde Park",1,26/01/2013 16:35,191,1075,"Hyde Park Corner, Hyde Park",1,1,1,0
19326597,1545,1546,2092494179,9270158,8140,26/01/2013 17:00,191,1075,"Hyde Park Corner, Hyde Park",1,26/01/2013 16:35,191,1075,"Hyde Park Corner, Hyde Park",1,1,1,0
19325896,2533,2533,121335053,9270238,6161,26/01/2013 17:31,191,1075,"Hyde Park Corner, Hyde Park",1,26/01/2013 16:49,191,1075,"Hyde Park Corner, Hyde Park",1,1,1,0
19339006,2414,2415,50891987,9270245,1920,26/01/2013 17:31,191,1075,"Hyde Park Corner, Hyde Park",1,26/01/2013 16:51,191,1075,"Hyde Park Corner, Hyde Park",1,1,1,0
19338196,2410,2411,686073453,9270243,9371,26/01/2013 17:32,191,1075,"Hyde Park Corner, Hyde Park",1,26/01/2013 16:51,191,1075,"Hyde Park Corner, Hyde Park",1,1,1,0
19340030,2344,2344,1690279992,9270247,478,26/01/2013 17:31,191,1075,"Hyde Park Corner, Hyde Park",1,26/01/2013 16:52,191,1075,"Hyde Park Corner, Hyde Park",1,1,1,0
19334114,2408,2408,1778727654,9270250,4570,26/01/2013 17:34,191,1075,"Hyde Park Corner, Hyde Park",1,26/01/2013 16:54,191,1075,"Hyde Park Corner, Hyde Park",1,1,1,0
19350292,2325,2325,461804754,9276158,2630,27/01/2013 12:17,191,1075,"Hyde Park Corner, Hyde Park",1,27/01/2013 11:38,191,1075,"Hyde Park Corner, Hyde Park",1,0,0,0
19350658,3261,3261,461804754,9276158,8488,27/01/2013 12:34,191,1075,"Hyde Park Corner, Hyde Park",1,27/01/2013 11:40,191,1075,"Hyde Park Corner, Hyde Park",1,0,0,0
19346257,2187,2188,123949482,9276328,7274,27/01/2013 12:49,191,1075,"Hyde Park Corner, Hyde Park",1,27/01/2013 12:13,191,1075,"Hyde Park Corner, Hyde Park",1,0,0,0
19342707,1003,1004,1327183529,9276320,9412,27/01/2013 12:30,191,1075,"Hyde Park Corner, Hyde Park",1,27/01/2013 12:13,191,1075,"Hyde Park Corner, Hyde Park",1,0,0,0
19340963,2277,2277,1593478975,9276325,2630,27/01/2013 12:58,191,1075,"Hyde Park Corner, Hyde Park",1,27/01/2013 12:20,191,1075,"Hyde Park Corner, Hyde Park",1,0,0,0
19340859,4779,4780,1960507725,9276515,8488,27/01/2013 14:07,191,1075,"Hyde Park Corner, Hyde Park",1,27/01/2013 12:47,191,1075,"Hyde Park Corner, Hyde Park",1,0,0,0
19351507,4527,4527,1085271079,9276649,7274,27/01/2013 14:07,191,1075,"Hyde Park Corner, Hyde Park",1,27/01/2013 12:51,191,1075,"Hyde Park Corner, Hyde Park",1,0,0,0
19353309,5188,5189,73599966,9276844,8980,27/01/2013 14:34,191,1075,"Hyde Park Corner, Hyde Park",1,27/01/2013 13:07,191,1075,"Hyde Park Corner, Hyde Park",1,0,0,0
19344201,4873,4873,1458333755,9276871,8338,27/01/2013 14:33,191,1075,"Hyde Park Corner, Hyde Park",1,27/01/2013 13:12,191,1075,"Hyde Park Corner, Hyde Park",1,0,0,0
19344390,2146,2147,725177938,9276838,8958,27/01/2013 13:49,191,1075,"Hyde Park Corner, Hyde Park",1,27/01/2013 13:13,191,1075,"Hyde Park Corner, Hyde Park",1,0,0,0
19340692,1721,1722,725177938,9276838,4496,27/01/2013 13:49,191,1075,"Hyde Park Corner, Hyde Park",1,27/01/2013 13:20,191,1075,"Hyde Park Corner, Hyde Park",1,0,0,0
19351743,5774,5775,1841240609,9277259,4496,27/01/2013 15:27,191,1075,"Hyde Park Corner, Hyde Park",1,27/01/2013 13:51,191,1075,"Hyde Park Corner, Hyde Park",1,0,0,0
19342127,1590,1590,727748839,9277286,8958,27/01/2013 14:25,191,1075,"Hyde Park Corner, Hyde Park",1,27/01/2013 13:59,191,1075,"Hyde Park Corner, Hyde Park",1,0,0,0
19341667,3528,3528,1304715637,9277498,1232,27/01/2013 15:16,191,1075,"Hyde Park Corner, Hyde Park",1,27/01/2013 14:17,191,1075,"Hyde Park Corner, Hyde Park",1,0,0,0
19343743,3728,3728,1536378344,9277465,7274,27/01/2013 15:24,191,1075,"Hyde Park Corner, Hyde Park",1,27/01/2013 14:22,191,1075,"Hyde Park Corner, Hyde Park",1,0,0,0
19350601,3705,3706,1536378344,9277465,7318,27/01/2013 15:24,191,1075,"Hyde Park Corner, Hyde Park",1,27/01/2013 14:22,191,1075,"Hyde Park Corner, Hyde Park",1,0,0,0
19341075,3274,3274,1304715637,9277498,1895,27/01/2013 15:17,191,1075,"Hyde Park Corner, Hyde Park",1,27/01/2013 14:22,191,1075,"Hyde Park Corner, Hyde Park",1,0,0,0
19342717,3679,3679,1536378344,9277465,5014,27/01/2013 15:24,191,1075,"Hyde Park Corner, Hyde Park",1,27/01/2013 14:22,191,1075,"Hyde Park Corner, Hyde Park",1,0,0,0
19348477,3416,3417,1536378344,9277465,8958,27/01/2013 15:22,191,1075,"Hyde Park Corner, Hyde Park",1,27/01/2013 14:25,191,1075,"Hyde Park Corner, Hyde Park",1,0,0,0
19351986,1642,1643,1427145754,9086955,9281,27/01/2013 15:36,191,1075,"Hyde Park Corner, Hyde Park",1,27/01/2013 15:08,191,1075,"Hyde Park Corner, Hyde Park",1,0,0,1
19345248,3434,3434,182018487,9276072,1232,27/01/2013 16:15,191,1075,"Hyde Park Corner, Hyde Park",1,27/01/2013 15:18,191,1075,"Hyde Park Corner, Hyde Park",1,1,0,0
19346103,3409,3409,182018487,9276072,1895,27/01/2013 16:15,191,1075,"Hyde Park Corner, Hyde Park",1,27/01/2013 15:18,191,1075,"Hyde Park Corner, Hyde Park",1,1,0,0
19342530,2716,2716,1777768211,9277911,8958,27/01/2013 16:14,191,1075,"Hyde Park Corner, Hyde Park",1,27/01/2013 15:29,191,1075,"Hyde Park Corner, Hyde Park",1,1,0,0
19344841,2538,2539,1341039596,9278113,7318,27/01/2013 16:14,191,1075,"Hyde Park Corner, Hyde Park",1,27/01/2013 15:32,191,1075,"Hyde Park Corner, Hyde Park",1,1,0,0
19353844,1814,1814,874916881,9278313,5014,27/01/2013 16:15,191,1075,"Hyde Park Corner, Hyde Park",1,27/01/2013 15:45,191,1075,"Hyde Park Corner, Hyde Park",1,1,0,0
19344150,3039,3040,278122903,9278464,4449,27/01/2013 16:43,191,1075,"Hyde Park Corner, Hyde Park",1,27/01/2013 15:53,191,1075,"Hyde Park Corner, Hyde Park",1,1,0,0
19349545,2607,2608,244318116,9278449,267,27/01/2013 16:37,191,1075,"Hyde Park Corner, Hyde Park",1,27/01/2013 15:53,191,1075,"Hyde Park Corner, Hyde Park",1,1,0,0
19343736,2821,2821,1767577723,9278513,7744,27/01/2013 16:48,191,1075,"Hyde Park Corner, Hyde Park",1,27/01/2013 16:01,191,1075,"Hyde Park Corner, Hyde Park",1,1,1,0
19340682,2047,2047,244318116,9278449,8591,27/01/2013 16:36,191,1075,"Hyde Park Corner, Hyde Park",1,27/01/2013 16:02,191,1075,"Hyde Park Corner, Hyde Park",1,1,1,0
19341991,759,759,1310515227,9278526,8331,27/01/2013 16:18,191,1075,"Hyde Park Corner, Hyde Park",1,27/01/2013 16:05,191,1075,"Hyde Park Corner, Hyde Park",1,1,1,0
19351429,1853,1854,2016388742,9278771,3000,27/01/2013 17:08,191,1075,"Hyde Park Corner, Hyde Park",1,27/01/2013 16:37,191,1075,"Hyde Park Corner, Hyde Park",1,1,1,0
19360226,3423,3423,1048014360,9284538,4973,28/01/2013 12:59,191,1075,"Hyde Park Corner, Hyde Park",1,28/01/2013 12:02,191,1075,"Hyde Park Corner, Hyde Park",1,0,0,0
19363802,2387,2388,1058488297,9284526,6737,28/01/2013 12:42,191,1075,"Hyde Park Corner, Hyde Park",1,28/01/2013 12:02,191,1075,"Hyde Park Corner, Hyde Park",1,0,0,0
19372128,2779,2779,1048014360,9284538,4887,28/01/2013 12:59,191,1075,"Hyde Park Corner, Hyde Park",1,28/01/2013 12:13,191,1075,"Hyde Park Corner, Hyde Park",1,0,0,0
19362800,1521,1521,910933382,9284728,4803,28/01/2013 12:58,191,1075,"Hyde Park Corner, Hyde Park",1,28/01/2013 12:33,191,1075,"Hyde Park Corner, Hyde Park",1,0,0,0
19368981,933,933,784092833,9285237,2830,28/01/2013 15:37,191,1075,"Hyde Park Corner, Hyde Park",1,28/01/2013 15:21,191,1075,"Hyde Park Corner, Hyde Park",1,0,0,0
19381319,2460,2461,534417297,9291543,4764,29/01/2013 11:01,191,1075,"Hyde Park Corner, Hyde Park",1,29/01/2013 10:20,191,1075,"Hyde Park Corner, Hyde Park",1,0,0,0
19393042,4992,221,1217521773,9291531,7289,29/01/2013 10:24,191,1075,"Hyde Park Corner, Hyde Park",1,29/01/2013 10:21,191,1075,"Hyde Park Corner, Hyde Park",1,0,0,0
19382338,4992,4993,1217521773,9291531,1109,29/01/2013 11:48,191,1075,"Hyde Park Corner, Hyde Park",1,29/01/2013 10:25,191,1075,"Hyde Park Corner, Hyde Park",1,0,0,0
19386558,4204,4204,1633312700,9291933,1482,29/01/2013 12:50,191,1075,"Hyde Park Corner, Hyde Park",1,29/01/2013 11:40,191,1075,"Hyde Park Corner, Hyde Park",1,0,0,0
19378117,3429,3430,1461121201,9292520,9061,29/01/2013 14:24,191,1075,"Hyde Park Corner, Hyde Park",1,29/01/2013 13:27,191,1075,"Hyde Park Corner, Hyde Park",1,0,0,0
19375348,3216,3216,719220500,9292527,2469,29/01/2013 14:24,191,1075,"Hyde Park Corner, Hyde Park",1,29/01/2013 13:31,191,1075,"Hyde Park Corner, Hyde Park",1,0,0,0
19380639,3008,3008,1781883489,9292531,4963,29/01/2013 14:25,191,1075,"Hyde Park Corner, Hyde Park",1,29/01/2013 13:35,191,1075,"Hyde Park Corner, Hyde Park",1,0,0,0
19374509,2536,2537,878397109,9292542,4162,29/01/2013 14:25,191,1075,"Hyde Park Corner, Hyde Park",1,29/01/2013 13:43,191,1075,"Hyde Park Corner, Hyde Park",1,0,0,0
19388809,3663,3664,1971987385,9292638,5630,29/01/2013 14:57,191,1075,"Hyde Park Corner, Hyde Park",1,29/01/2013 13:56,191,1075,"Hyde Park Corner, Hyde Park",1,0,0,0
19379676,3519,3520,1971987385,9292638,5344,29/01/2013 15:00,191,1075,"Hyde Park Corner, Hyde Park",1,29/01/2013 14:02,191,1075,"Hyde Park Corner, Hyde Park",1,0,0,0
19387854,3364,3365,1971987385,9292638,7735,29/01/2013 14:58,191,1075,"Hyde Park Corner, Hyde Park",1,29/01/2013 14:02,191,1075,"Hyde Park Corner, Hyde Park",1,0,0,0
19380787,1981,1982,394683374,9293431,1717,29/01/2013 17:07,191,1075,"Hyde Park Corner, Hyde Park",1,29/01/2013 16:34,191,1075,"Hyde Park Corner, Hyde Park",1,1,1,0
19384867,1122,1122,437690970,9293655,2469,29/01/2013 17:41,191,1075,"Hyde Park Corner, Hyde Park",1,29/01/2013 17:23,191,1075,"Hyde Park Corner, Hyde Park",1,1,1,0
19377687,1172,1173,283647989,9293659,4162,29/01/2013 17:43,191,1075,"Hyde Park Corner, Hyde Park",1,29/01/2013 17:24,191,1075,"Hyde Park Corner, Hyde Park",1,1,1,0
19387378,1152,1153,653915594,9293657,2049,29/01/2013 17:44,191,1075,"Hyde Park Corner, Hyde Park",1,29/01/2013 17:25,191,1075,"Hyde Park Corner, Hyde Park",1,1,1,0
19384361,897,898,1993025939,9293723,6428,29/01/2013 17:41,191,1075,"Hyde Park Corner, Hyde Park",1,29/01/2013 17:26,191,1075,"Hyde Park Corner, Hyde Park",1,1,1,0
19390301,1232,1232,437690970,9293655,8123,29/01/2013 18:09,191,1075,"Hyde Park Corner, Hyde Park",1,29/01/2013 17:48,191,1075,"Hyde Park Corner, Hyde Park",1,1,1,0
19389093,1137,1137,1993025939,9293723,6428,29/01/2013 18:09,191,1075,"Hyde Park Corner, Hyde Park",1,29/01/2013 17:50,191,1075,"Hyde Park Corner, Hyde Park",1,1,1,0
19376844,1076,1076,283647989,9293659,9061,29/01/2013 18:09,191,1075,"Hyde Park Corner, Hyde Park",1,29/01/2013 17:51,191,1075,"Hyde Park Corner, Hyde Park",1,1,1,0
19384555,996,996,653915594,9293657,4162,29/01/2013 18:09,191,1075,"Hyde Park Corner, Hyde Park",1,29/01/2013 17:52,191,1075,"Hyde Park Corner, Hyde Park",1,1,1,0
19376271,947,947,51105957,9293653,2469,29/01/2013 18:09,191,1075,"Hyde Park Corner, Hyde Park",1,29/01/2013 17:53,191,1075,"Hyde Park Corner, Hyde Park",1,1,1,0
19415727,13602,13603,126992405,9297926,2074,30/01/2013 12:01,191,1075,"Hyde Park Corner, Hyde Park",1,30/01/2013 08:14,191,1075,"Hyde Park Corner, Hyde Park",1,0,1,0
19407836,1151,1151,1635459055,9299241,2022,30/01/2013 12:37,191,1075,"Hyde Park Corner, Hyde Park",1,30/01/2013 12:18,191,1075,"Hyde Park Corner, Hyde Park",1,0,0,0
19396110,3640,3640,114066744,9299439,5467,30/01/2013 13:57,191,1075,"Hyde Park Corner, Hyde Park",1,30/01/2013 12:56,191,1075,"Hyde Park Corner, Hyde Park",1,0,0,0
19404260,3633,3633,114066744,9299439,894,30/01/2013 13:58,191,1075,"Hyde Park Corner, Hyde Park",1,30/01/2013 12:58,191,1075,"Hyde Park Corner, Hyde Park",1,0,0,0
19395382,3288,3289,114066744,9299439,8274,30/01/2013 13:57,191,1075,"Hyde Park Corner, Hyde Park",1,30/01/2013 13:02,191,1075,"Hyde Park Corner, Hyde Park",1,0,0,0
19403551,3233,3234,114066744,9299439,2036,30/01/2013 13:57,191,1075,"Hyde Park Corner, Hyde Park",1,30/01/2013 13:03,191,1075,"Hyde Park Corner, Hyde Park",1,0,0,0
19395884,3078,3078,1655490705,9299754,5467,30/01/2013 14:53,191,1075,"Hyde Park Corner, Hyde Park",1,30/01/2013 14:01,191,1075,"Hyde Park Corner, Hyde Park",1,0,0,0
19415406,2801,2801,947808207,9299823,8274,30/01/2013 14:53,191,1075,"Hyde Park Corner, Hyde Park",1,30/01/2013 14:06,191,1075,"Hyde Park Corner, Hyde Park",1,0,0,0
19398580,3824,3825,2053368893,9299933,894,30/01/2013 15:34,191,1075,"Hyde Park Corner, Hyde Park",1,30/01/2013 14:31,191,1075,"Hyde Park Corner, Hyde Park",1,0,0,0
19417741,3726,3726,1280990782,9299922,2022,30/01/2013 15:34,191,1075,"Hyde Park Corner, Hyde Park",1,30/01/2013 14:32,191,1075,"Hyde Park Corner, Hyde Park",1,0,0,0
19410550,3553,3554,1841176804,9299942,2857,30/01/2013 15:34,191,1075,"Hyde Park Corner, Hyde Park",1,30/01/2013 14:35,191,1075,"Hyde Park Corner, Hyde Park",1,0,0,0
19413397,976,977,1653131896,9299956,176,30/01/2013 15:04,191,1075,"Hyde Park Corner, Hyde Park",1,30/01/2013 14:48,191,1075,"Hyde Park Corner, Hyde Park",1,0,0,0
19395629,967,967,992784688,9300023,2074,30/01/2013 15:05,191,1075,"Hyde Park Corner, Hyde Park",1,30/01/2013 14:48,191,1075,"Hyde Park Corner, Hyde Park",1,0,0,0
19409361,2150,2151,633432546,9300026,4501,30/01/2013 15:25,191,1075,"Hyde Park Corner, Hyde Park",1,30/01/2013 14:49,191,1075,"Hyde Park Corner, Hyde Park",1,0,0,0
19416859,1920,1921,633432546,9300026,8274,30/01/2013 15:25,191,1075,"Hyde Park Corner, Hyde Park",1,30/01/2013 14:53,191,1075,"Hyde Park Corner, Hyde Park",1,0,0,0
19403416,1922,1922,691435367,9300038,5467,30/01/2013 15:27,191,1075,"Hyde Park Corner, Hyde Park",1,30/01/2013 14:55,191,1075,"Hyde Park Corner, Hyde Park",1,0,0,0
19395989,1601,1602,429626615,9299952,176,30/01/2013 15:35,191,1075,"Hyde Park Corner, Hyde Park",1,30/01/2013 15:09,191,1075,"Hyde Park Corner, Hyde Park",1,0,0,0
19410010,1520,1521,1732907774,9299945,2074,30/01/2013 15:35,191,1075,"Hyde Park Corner, Hyde Park",1,30/01/2013 15:10,191,1075,"Hyde Park Corner, Hyde Park",1,0,0,0
19417757,2132,2133,148919994,9300164,1895,30/01/2013 15:59,191,1075,"Hyde Park Corner, Hyde Park",1,30/01/2013 15:24,191,1075,"Hyde Park Corner, Hyde Park",1,0,0,0
19409158,2313,2314,1929409378,9300148,1324,30/01/2013 16:03,191,1075,"Hyde Park Corner, Hyde Park",1,30/01/2013 15:25,191,1075,"Hyde Park Corner, Hyde Park",1,1,0,0
19411379,3513,3513,612158680,9300171,3947,30/01/2013 16:26,191,1075,"Hyde Park Corner, Hyde Park",1,30/01/2013 15:27,191,1075,"Hyde Park Corner, Hyde Park",1,1,0,0
19403947,1856,1856,148919994,9300164,7519,30/01/2013 15:59,191,1075,"Hyde Park Corner, Hyde Park",1,30/01/2013 15:28,191,1075,"Hyde Park Corner, Hyde Park",1,0,0,0
19415528,1178,2074,1137920165,9300170,5467,30/01/2013 16:03,191,1075,"Hyde Park Corner, Hyde Park",1,30/01/2013 15:29,191,1075,"Hyde Park Corner, Hyde Park",1,1,0,0
19414933,2470,2471,570848923,9300345,2074,30/01/2013 16:42,191,1075,"Hyde Park Corner, Hyde Park",1,30/01/2013 16:00,191,1075,"Hyde Park Corner, Hyde Park",1,1,1,0
19416307,2426,2426,570848923,9300345,1895,30/01/2013 16:42,191,1075,"Hyde Park Corner, Hyde Park",1,30/01/2013 16:01,191,1075,"Hyde Park Corner, Hyde Park",1,1,1,0
19395590,4252,4253,408299891,9300432,8727,30/01/2013 17:40,191,1075,"Hyde Park Corner, Hyde Park",1,30/01/2013 16:29,191,1075,"Hyde Park Corner, Hyde Park",1,1,1,0
19413252,4013,4014,822898822,9300438,5709,30/01/2013 17:36,191,1075,"Hyde Park Corner, Hyde Park",1,30/01/2013 16:29,191,1075,"Hyde Park Corner, Hyde Park",1,1,1,0
19402373,1359,1359,740318599,9300531,6099,30/01/2013 17:00,191,1075,"Hyde Park Corner, Hyde Park",1,30/01/2013 16:37,191,1075,"Hyde Park Corner, Hyde Park",1,1,1,0
19415203,1601,1602,295242842,9300722,8501,30/01/2013 17:34,191,1075,"Hyde Park Corner, Hyde Park",1,30/01/2013 17:08,191,1075,"Hyde Park Corner, Hyde Park",1,1,1,0
19409090,1620,1621,1684211698,9300734,7712,30/01/2013 17:39,191,1075,"Hyde Park Corner, Hyde Park",1,30/01/2013 17:12,191,1075,"Hyde Park Corner, Hyde Park",1,1,1,0
19414566,609,610,1684211698,9300734,8214,30/01/2013 17:39,191,1075,"Hyde Park Corner, Hyde Park",1,30/01/2013 17:29,191,1075,"Hyde Park Corner, Hyde Park",1,1,1,0
19414318,1114,1114,1901932498,9300739,8501,30/01/2013 17:54,191,1075,"Hyde Park Corner, Hyde Park",1,30/01/2013 17:35,191,1075,"Hyde Park Corner, Hyde Park",1,1,1,0
19408533,848,848,1901932498,9300739,7712,30/01/2013 17:53,191,1075,"Hyde Park Corner, Hyde Park",1,30/01/2013 17:39,191,1075,"Hyde Park Corner, Hyde Park",1,1,1,0
19439528,1422,1423,97433377,9305928,1728,31/01/2013 11:08,191,1075,"Hyde Park Corner, Hyde Park",1,31/01/2013 10:44,191,1075,"Hyde Park Corner, Hyde Park",1,0,0,0
19439141,1205,1206,97433377,9305928,8856,31/01/2013 11:06,191,1075,"Hyde Park Corner, Hyde Park",1,31/01/2013 10:46,191,1075,"Hyde Park Corner, Hyde Park",1,0,0,0
19440279,1144,1145,1763281197,9305931,4531,31/01/2013 11:05,191,1075,"Hyde Park Corner, Hyde Park",1,31/01/2013 10:46,191,1075,"Hyde Park Corner, Hyde Park",1,0,0,0
19421548,1050,1050,97433377,9305928,8984,31/01/2013 11:05,191,1075,"Hyde Park Corner, Hyde Park",1,31/01/2013 10:48,191,1075,"Hyde Park Corner, Hyde Park",1,0,0,0
19420983,2202,2203,1768798013,9306652,1009,31/01/2013 13:51,191,1075,"Hyde Park Corner, Hyde Park",1,31/01/2013 13:14,191,1075,"Hyde Park Corner, Hyde Park",1,0,0,0
19437707,2497,2497,1023701521,9306836,3529,31/01/2013 14:35,191,1075,"Hyde Park Corner, Hyde Park",1,31/01/2013 13:54,191,1075,"Hyde Park Corner, Hyde Park",1,0,0,0
19431341,1109,1110,574389243,9306927,1404,31/01/2013 14:18,191,1075,"Hyde Park Corner, Hyde Park",1,31/01/2013 14:00,191,1075,"Hyde Park Corner, Hyde Park",1,0,0,0
19428790,3554,3554,1280190329,9306945,8274,31/01/2013 15:11,191,1075,"Hyde Park Corner, Hyde Park",1,31/01/2013 14:11,191,1075,"Hyde Park Corner, Hyde Park",1,0,0,0
19428732,3307,3307,1280190329,9306945,421,31/01/2013 15:11,191,1075,"Hyde Park Corner, Hyde Park",1,31/01/2013 14:15,191,1075,"Hyde Park Corner, Hyde Park",1,0,0,0
19422640,4125,4125,102699852,9307027,1404,31/01/2013 15:28,191,1075,"Hyde Park Corner, Hyde Park",1,31/01/2013 14:19,191,1075,"Hyde Park Corner, Hyde Park",1,0,0,0
19419852,1913,1913,102699852,9307027,8856,31/01/2013 14:54,191,1075,"Hyde Park Corner, Hyde Park",1,31/01/2013 14:22,191,1075,"Hyde Park Corner, Hyde Park",1,0,0,0
19429649,2834,2835,1172757879,9307042,9234,31/01/2013 15:19,191,1075,"Hyde Park Corner, Hyde Park",1,31/01/2013 14:32,191,1075,"Hyde Park Corner, Hyde Park",1,0,0,0
19428244,1784,1784,597740273,9307154,7485,31/01/2013 15:21,191,1075,"Hyde Park Corner, Hyde Park",1,31/01/2013 14:52,191,1075,"Hyde Park Corner, Hyde Park",1,0,0,0
19438489,1644,1645,2041742851,9307230,7978,31/01/2013 15:28,191,1075,"Hyde Park Corner, Hyde Park",1,31/01/2013 15:01,191,1075,"Hyde Park Corner, Hyde Park",1,0,0,0
19425928,1609,1610,495766448,9307225,3529,31/01/2013 15:28,191,1075,"Hyde Park Corner, Hyde Park",1,31/01/2013 15:01,191,1075,"Hyde Park Corner, Hyde Park",1,0,0,0
19428416,3687,3688,1064915333,9307422,2540,31/01/2013 16:38,191,1075,"Hyde Park Corner, Hyde Park",1,31/01/2013 15:36,191,1075,"Hyde Park Corner, Hyde Park",1,1,0,0
19440028,5227,5228,77807013,9307432,1728,31/01/2013 17:06,191,1075,"Hyde Park Corner, Hyde Park",1,31/01/2013 15:39,191,1075,"Hyde Park Corner, Hyde Park",1,1,0,0
19426202,3503,3504,1064915333,9307422,7597,31/01/2013 16:38,191,1075,"Hyde Park Corner, Hyde Park",1,31/01/2013 15:39,191,1075,"Hyde Park Corner, Hyde Park",1,1,0,0
19437537,449,450,722801243,9307429,8000,31/01/2013 15:53,191,1075,"Hyde Park Corner, Hyde Park",1,31/01/2013 15:46,191,1075,"Hyde Park Corner, Hyde Park",1,0,0,0
19440333,4714,4715,540239480,9307447,7978,31/01/2013 17:05,191,1075,"Hyde Park Corner, Hyde Park",1,31/01/2013 15:47,191,1075,"Hyde Park Corner, Hyde Park",1,1,0,0
19427969,1325,1325,722801243,9307429,8000,31/01/2013 16:19,191,1075,"Hyde Park Corner, Hyde Park",1,31/01/2013 15:57,191,1075,"Hyde Park Corner, Hyde Park",1,1,0,0
19425063,1322,1323,722801243,9307429,2076,31/01/2013 16:19,191,1075,"Hyde Park Corner, Hyde Park",1,31/01/2013 15:57,191,1075,"Hyde Park Corner, Hyde Park",1,1,0,0
19425959,469,469,1183636256,9307535,8274,31/01/2013 16:07,191,1075,"Hyde Park Corner, Hyde Park",1,31/01/2013 15:59,191,1075,"Hyde Park Corner, Hyde Park",1,1,0,0
19421125,543,544,1183636256,9307535,4425,31/01/2013 16:09,191,1075,"Hyde Park Corner, Hyde Park",1,31/01/2013 16:00,191,1075,"Hyde Park Corner, Hyde Park",1,1,1,0
19419528,2194,2195,705757964,9035258,8274,31/01/2013 17:18,191,1075,"Hyde Park Corner, Hyde Park",1,31/01/2013 16:41,191,1075,"Hyde Park Corner, Hyde Park",1,1,1,1
19445002,1112,1112,1948243287,9305636,877,01/02/2013 08:47,191,1075,"Hyde Park Corner, Hyde Park",1,01/02/2013 08:29,191,1075,"Hyde Park Corner, Hyde Park",1,1,1,0
19456145,2350,2350,1827712980,9314246,421,01/02/2013 14:28,191,1075,"Hyde Park Corner, Hyde Park",1,01/02/2013 13:49,191,1075,"Hyde Park Corner, Hyde Park",1,0,0,0
19454955,4257,4257,1682124427,9315021,2540,01/02/2013 17:36,191,1075,"Hyde Park Corner, Hyde Park",1,01/02/2013 16:25,191,1075,"Hyde Park Corner, Hyde Park",1,1,1,0
19463552,3742,3743,365953056,9320760,9089,02/02/2013 11:48,191,1075,"Hyde Park Corner, Hyde Park",1,02/02/2013 10:45,191,1075,"Hyde Park Corner, Hyde Park",1,0,0,0
19467148,3670,3671,61362800,9320761,2631,02/02/2013 11:48,191,1075,"Hyde Park Corner, Hyde Park",1,02/02/2013 10:47,191,1075,"Hyde Park Corner, Hyde Park",1,0,0,0
19459088,6665,6666,602528802,9320847,5102,02/02/2013 12:56,191,1075,"Hyde Park Corner, Hyde Park",1,02/02/2013 11:05,191,1075,"Hyde Park Corner, Hyde Park",1,0,0,0
19462709,6544,6545,602528802,9320847,8183,02/02/2013 12:56,191,1075,"Hyde Park Corner, Hyde Park",1,02/02/2013 11:07,191,1075,"Hyde Park Corner, Hyde Park",1,0,0,0
19474323,3064,3065,699159773,9320881,2566,02/02/2013 12:03,191,1075,"Hyde Park Corner, Hyde Park",1,02/02/2013 11:12,191,1075,"Hyde Park Corner, Hyde Park",1,0,0,0
19472213,2530,2530,353355554,9320930,779,02/02/2013 12:01,191,1075,"Hyde Park Corner, Hyde Park",1,02/02/2013 11:19,191,1075,"Hyde Park Corner, Hyde Park",1,0,0,0
19459754,2453,2454,353355554,9320930,4196,02/02/2013 12:00,191,1075,"Hyde Park Corner, Hyde Park",1,02/02/2013 11:19,191,1075,"Hyde Park Corner, Hyde Park",1,0,0,0
19472375,2354,2354,353355554,9320930,7978,02/02/2013 12:01,191,1075,"Hyde Park Corner, Hyde Park",1,02/02/2013 11:22,191,1075,"Hyde Park Corner, Hyde Park",1,0,0,0
19464852,2260,2260,353355554,9320930,2210,02/02/2013 12:01,191,1075,"Hyde Park Corner, Hyde Park",1,02/02/2013 11:23,191,1075,"Hyde Park Corner, Hyde Park",1,0,0,0
19461447,1126,1127,552723070,8433720,3405,02/02/2013 12:03,191,1075,"Hyde Park Corner, Hyde Park",1,02/02/2013 11:44,191,1075,"Hyde Park Corner, Hyde Park",1,0,0,1
19464640,2495,2496,1694469631,9321271,779,02/02/2013 12:44,191,1075,"Hyde Park Corner, Hyde Park",1,02/02/2013 12:03,191,1075,"Hyde Park Corner, Hyde Park",1,0,0,0
19459732,287,288,516819678,9321478,6357,02/02/2013 12:33,191,1075,"Hyde Park Corner, Hyde Park",1,02/02/2013 12:28,191,1075,"Hyde Park Corner, Hyde Park",1,0,0,0
19463254,1995,1996,1478222429,9321501,3142,02/02/2013 13:02,191,1075,"Hyde Park Corner, Hyde Park",1,02/02/2013 12:29,191,1075,"Hyde Park Corner, Hyde Park",1,0,0,0
19464768,1969,1969,2059490029,1330621,2210,02/02/2013 13:02,191,1075,"Hyde Park Corner, Hyde Park",1,02/02/2013 12:30,191,1075,"Hyde Park Corner, Hyde Park",1,0,0,1
19466288,3311,3311,1750279836,9321492,4760,02/02/2013 13:25,191,1075,"Hyde Park Corner, Hyde Park",1,02/02/2013 12:30,191,1075,"Hyde Park Corner, Hyde Park",1,0,0,0
19472574,1049,1049,304300637,9321513,3443,02/02/2013 12:50,191,1075,"Hyde Park Corner, Hyde Park",1,02/02/2013 12:32,191,1075,"Hyde Park Corner, Hyde Park",1,0,0,0
19470890,3410,3411,1750279836,9321492,3405,02/02/2013 13:30,191,1075,"Hyde Park Corner, Hyde Park",1,02/02/2013 12:33,191,1075,"Hyde Park Corner, Hyde Park",1,0,0,0
19466092,2840,2840,1750279836,9321492,5516,02/02/2013 13:22,191,1075,"Hyde Park Corner, Hyde Park",1,02/02/2013 12:34,191,1075,"Hyde Park Corner, Hyde Park",1,0,0,0
19460295,3039,3039,1750279836,9321492,714,02/02/2013 13:26,191,1075,"Hyde Park Corner, Hyde Park",1,02/02/2013 12:35,191,1075,"Hyde Park Corner, Hyde Park",1,0,0,0
19461608,822,822,304300637,9321513,7762,02/02/2013 12:50,191,1075,"Hyde Park Corner, Hyde Park",1,02/02/2013 12:36,191,1075,"Hyde Park Corner, Hyde Park",1,0,0,0
19470664,1789,1790,131805209,9321639,4818,02/02/2013 13:11,191,1075,"Hyde Park Corner, Hyde Park",1,02/02/2013 12:42,191,1075,"Hyde Park Corner, Hyde Park",1,0,0,0
19464634,250,250,1817316673,9321521,1317,02/02/2013 12:52,191,1075,"Hyde Park Corner, Hyde Park",1,02/02/2013 12:48,191,1075,"Hyde Park Corner, Hyde Park",1,0,0,0
19473158,3384,3384,652455968,9321662,5558,02/02/2013 13:47,191,1075,"Hyde Park Corner, Hyde Park",1,02/02/2013 12:51,191,1075,"Hyde Park Corner, Hyde Park",1,0,0,0
19464443,1659,1659,1841727078,9322248,4818,02/02/2013 14:08,191,1075,"Hyde Park Corner, Hyde Park",1,02/02/2013 13:40,191,1075,"Hyde Park Corner, Hyde Park",1,0,0,0
19464592,4606,4607,1213365312,9322261,3599,02/02/2013 14:59,191,1075,"Hyde Park Corner, Hyde Park",1,02/02/2013 13:42,191,1075,"Hyde Park Corner, Hyde Park",1,0,0,0
19462023,4606,4607,1213365312,9322261,6994,02/02/2013 14:59,191,1075,"Hyde Park Corner, Hyde Park",1,02/02/2013 13:42,191,1075,"Hyde Park Corner, Hyde Park",1,0,0,0
19462703,1707,1707,747046131,9322284,7978,02/02/2013 14:13,191,1075,"Hyde Park Corner, Hyde Park",1,02/02/2013 13:45,191,1075,"Hyde Park Corner, Hyde Park",1,0,0,0
19463778,1511,1512,747046131,9322284,7398,02/02/2013 14:13,191,1075,"Hyde Park Corner, Hyde Park",1,02/02/2013 13:48,191,1075,"Hyde Park Corner, Hyde Park",1,0,0,0
19460298,795,796,484006012,9321046,2832,02/02/2013 14:24,191,1075,"Hyde Park Corner, Hyde Park",1,02/02/2013 14:11,191,1075,"Hyde Park Corner, Hyde Park",1,0,0,0
19469277,688,688,600930549,9321061,6311,02/02/2013 14:24,191,1075,"Hyde Park Corner, Hyde Park",1,02/02/2013 14:12,191,1075,"Hyde Park Corner, Hyde Park",1,0,0,0
19460134,3298,3299,303542075,9322672,2832,02/02/2013 15:19,191,1075,"Hyde Park Corner, Hyde Park",1,02/02/2013 14:25,191,1075,"Hyde Park Corner, Hyde Park",1,0,0,0
19474467,3160,3160,303542075,9322672,6311,02/02/2013 15:20,191,1075,"Hyde Park Corner, Hyde Park",1,02/02/2013 14:27,191,1075,"Hyde Park Corner, Hyde Park",1,0,0,0
19471882,1106,1107,1675927605,9322244,2928,02/02/2013 14:55,191,1075,"Hyde Park Corner, Hyde Park",1,02/02/2013 14:36,191,1075,"Hyde Park Corner, Hyde Park",1,0,0,0
19460733,1111,1112,1675927605,9322244,371,02/02/2013 14:55,191,1075,"Hyde Park Corner, Hyde Park",1,02/02/2013 14:36,191,1075,"Hyde Park Corner, Hyde Park",1,0,0,0
19474895,1397,1397,602217137,9321447,687,02/02/2013 15:04,191,1075,"Hyde Park Corner, Hyde Park",1,02/02/2013 14:41,191,1075,"Hyde Park Corner, Hyde Park",1,0,0,0
19467847,1230,1231,602217137,9321447,1094,02/02/2013 15:04,191,1075,"Hyde Park Corner, Hyde Park",1,02/02/2013 14:43,191,1075,"Hyde Park Corner, Hyde Park",1,0,0,0
19466496,458,195,1589228728,9322869,4818,02/02/2013 14:48,191,1075,"Hyde Park Corner, Hyde Park",1,02/02/2013 14:45,191,1075,"Hyde Park Corner, Hyde Park",1,0,0,0
19468006,458,459,1589228728,9322869,4818,02/02/2013 14:56,191,1075,"Hyde Park Corner, Hyde Park",1,02/02/2013 14:48,191,1075,"Hyde Park Corner, Hyde Park",1,0,0,0
19474165,2910,2911,1058600931,9322849,6694,02/02/2013 15:40,191,1075,"Hyde Park Corner, Hyde Park",1,02/02/2013 14:51,191,1075,"Hyde Park Corner, Hyde Park",1,0,0,0
19463039,3901,3902,1162461303,9323075,5872,02/02/2013 16:12,191,1075,"Hyde Park Corner, Hyde Park",1,02/02/2013 15:07,191,1075,"Hyde Park Corner, Hyde Park",1,1,0,0
19469070,3279,3279,1162461303,9323075,9089,02/02/2013 16:13,191,1075,"Hyde Park Corner, Hyde Park",1,02/02/2013 15:18,191,1075,"Hyde Park Corner, Hyde Park",1,1,0,0
19473680,3088,3089,1981373578,9323404,1873,02/02/2013 17:07,191,1075,"Hyde Park Corner, Hyde Park",1,02/02/2013 16:15,191,1075,"Hyde Park Corner, Hyde Park",1,1,1,0
19468195,745,746,1536881482,9323442,687,02/02/2013 16:35,191,1075,"Hyde Park Corner, Hyde Park",1,02/02/2013 16:22,191,1075,"Hyde Park Corner, Hyde Park",1,1,1,0
19471495,3133,3134,1148207488,9323438,7824,02/02/2013 17:19,191,1075,"Hyde Park Corner, Hyde Park",1,02/02/2013 16:27,191,1075,"Hyde Park Corner, Hyde Park",1,1,1,0
